{"UAc7kepzJPkrSn4uqTRvmw==":"background4.jpg","OeYYjwvATspSYwE6vu0LBQ==":"15content_logo_2017%20small-622x352.png","mQFkRRE6UL92SohUBT5k4A==":"logo%20title%20page-1600x1200.png","4Ik1sNwW0m4k6KUNGEwzvw==":"15content_logo_2017%20small-122x69.png","W/7APObzhMO+pWRkf9a+Uw==":"pexels-photo-273230-2000x1333.jpg","NGmeOMK2zHOe2ZEaepyxDQ==":"pexels-photo-1451448-1855x1500.jpg","lLEm2D1e/sv/A9xtR7toSg==":"logo-192x192.png","L0jjw+sWN52rpIMDHqhagQ==":"dark%20blue%20swirl-1600x1200.png","aPqo5UMi0/VQN+vfKZNoMg==":"8d7163005b4e4b3ee8a8930a2647dc4c-96x96.jpg","E4rUwfjsVCpwft1ItrJ3pA==":"pexels-photo-796602-2000x1332.jpg","IrQQveV5dkzPMb3ptT1M9Q==":"pexels-photo-1260308-2000x1276.jpg","UokRlYmwtq/sC2UcGa6Hhw==":"pexels-photo-1376863-500x333.jpg","VJv96DuDbnAF1CWflMX0Kg==":"pexels-photo-1376863-2000x1333.jpg","5VyCsavWNWcG2Pl0S6Lcyg==":"background3.jpg"}